m/z,z
230.6598,2
332.1995,2
413.2259,2
433.7392,2
558.7736,2
704.3214,2
233.0765,2
334.6162,2
415.6426,2
436.1559,2
561.1903,2
706.738,2
233.0765,2
334.6162,2
415.6426,2
436.1559,2
561.1903,2
706.738,2
240.0844,2
341.624,2
422.6505,2
443.1637,2
568.1982,2
713.7459,2
248.6053,2
350.1449,2
431.1714,2
451.6846,2
576.7191,2
722.2668,2
255.6495,2
357.1892,2
438.2156,2
458.7288,2
583.7633,2
729.311,2
262.6265,2
364.1662,2
445.1926,2
465.7059,2
590.7403,2
736.288,2
208.6285,2
310.1682,2
391.1946,2
411.7079,2
536.7423,2
682.2901,2
223.6156,2
325.1553,2
406.1817,2
426.695,2
551.7294,2
697.2771,2
291.6418,2
393.1815,2
474.2079,2
494.7212,2
619.7556,2
765.3034,2
251.1549,2
352.6946,2
433.721,2
454.2343,2
579.2687,2
724.8164,2
311.6648,2
413.2045,2
494.2309,2
514.7442,2
639.7786,2
785.3263,2
311.6648,2
413.2045,2
494.2309,2
514.7442,2
639.7786,2
785.3263,2
323.6393,2
425.179,2
506.2054,2
526.7187,2
651.7531,2
797.3008,2
242.6416,2
344.1813,2
425.2077,2
445.721,2
570.7554,2
716.3032,2
337.6711,2
439.2108,2
520.2372,2
540.7505,2
665.7849,2
811.3326,2
356.1631,2
457.7028,2
538.7292,2
559.2425,2
684.2769,2
829.8247,2
372.7159,2
474.2556,2
555.282,2
575.7952,2
700.8297,2
846.3774,2
315.6762,2
417.2159,2
498.2423,2
518.7556,2
643.79,2
789.3377,2
318.1663,2
419.706,2
500.7324,2
521.2457,2
646.2802,2
791.8279,2
387.6868,2
489.2265,2
570.2529,2
590.7662,2
715.8006,2
861.3483,2
310.1775,2
411.7172,2
492.7436,2
513.2569,2
638.2913,2
783.8391,2
329.7101,2
431.2497,2
512.2762,2
532.7894,2
657.8239,2
803.3716,2
395.1846,2
496.7243,2
577.7507,2
598.264,2
723.2984,2
868.8461,2
388.2281,2
489.7678,2
570.7942,2
591.3075,2
716.3419,2
861.8896,2
401.2028,2
502.7425,2
583.7689,2
604.2822,2
729.3166,2
874.8643,2
402.1924,2
503.7321,2
584.7585,2
605.2718,2
730.3062,2
875.8539,2
420.1836,2
521.7232,2
602.7496,2
623.2629,2
748.2974,2
893.8451,2
420.2106,2
521.7503,2
602.7767,2
623.29,2
748.3244,2
893.8721,2
420.1836,2
521.7232,2
602.7496,2
623.2629,2
748.2974,2
893.8451,2
330.6633,2
432.203,2
513.2294,2
533.7427,2
658.7771,2
804.3248,2
444.2288,2
545.7685,2
626.7949,2
647.3082,2
772.3426,2
917.8903,2
451.7343,2
553.2739,2
634.3004,2
654.8136,2
779.8481,2
925.3958,2
452.2756,2
553.8153,2
634.8417,2
655.3549,2
780.3894,2
925.9371,2
452.2756,2
553.8153,2
634.8417,2
655.3549,2
780.3894,2
925.9371,2
461.2372,2
562.7769,2
643.8033,2
664.3165,2
789.351,2
934.8987,2
468.737,2
570.2767,2
651.3031,2
671.8164,2
796.8508,2
942.3985,2
417.7324,2
519.2721,2
600.2985,2
620.8118,2
745.8462,2
891.3939,2
482.2081,2
583.7478,2
664.7742,2
685.2874,2
810.3219,2
955.8696,2
423.7466,2
525.2863,2
606.3127,2
626.826,2
751.8605,2
897.4082,2
423.7466,2
525.2863,2
606.3127,2
626.826,2
751.8605,2
897.4082,2
421.7072,2
523.2469,2
604.2733,2
624.7866,2
749.821,2
895.3687,2
421.7072,2
523.2469,2
604.2733,2
624.7866,2
749.821,2
895.3687,2
508.2763,2
609.816,2
690.8424,2
711.3557,2
836.3901,2
981.9378,2
508.7557,2
610.2954,2
691.3218,2
711.8351,2
836.8695,2
982.4172,2
525.7585,2
627.2981,2
708.3246,2
728.8378,2
853.8723,2
999.42,2
531.3028,2
632.8425,2
713.8689,2
734.3822,2
859.4166,2
1004.9644,2
468.7463,2
570.286,2
651.3124,2
671.8257,2
796.8601,2
942.4078,2
537.2608,2
638.8005,2
719.8269,2
740.3402,2
865.3746,2
1010.9224,2
468.7463,2
570.286,2
651.3124,2
671.8257,2
796.8601,2
942.4078,2
545.8105,2
647.3502,2
728.3766,2
748.8899,2
873.9243,2
1019.472,2
487.7941,2
589.3338,2
670.3602,2
690.8735,2
815.9079,2
961.4556,2
487.7941,2
589.3338,2
670.3602,2
690.8735,2
815.9079,2
961.4556,2
482.2081,2
583.7478,2
664.7742,2
685.2874,2
810.3219,2
955.8696,2
499.7577,2
601.2974,2
682.3238,2
702.8371,2
827.8716,2
973.4193,2
566.2692,2
667.8089,2
748.8353,2
769.3486,2
894.383,2
1039.9307,2
534.2811,2
635.8208,2
716.8472,2
737.3604,2
862.3949,2
1007.9426,2
571.2651,2
672.8048,2
753.8312,2
774.3444,2
899.3789,2
1044.9266,2
564.279,2
665.8187,2
746.8451,2
767.3584,2
892.3928,2
1037.9406,2
573.277,2
674.8167,2
755.8431,2
776.3564,2
901.3908,2
1046.9385,2
571.2651,2
672.8048,2
753.8312,2
774.3444,2
899.3789,2
1044.9266,2
516.7896,2
618.3292,2
699.3557,2
719.8689,2
844.9034,2
990.4511,2
658.3354,2
759.8751,2
840.9015,2
861.4148,2
986.4492,2
1131.9969,2
501.7899,2
603.3296,2
684.356,2
704.8693,2
829.9037,2
975.4514,2
572.8012,2
674.3409,2
755.3673,2
775.8806,2
900.915,2
1046.4627,2
685.8796,2
787.4193,2
868.4457,2
888.959,2
1013.9934,2
1159.5412,2
630.3147,2
731.8544,2
812.8808,2
833.394,2
958.4285,2
1103.9762,2
630.8689,2
732.4086,2
813.435,2
833.9482,2
958.9827,2
1104.5304,2
575.7923,2
677.332,2
758.3584,2
778.8717,2
903.9061,2
1049.4538,2
635.3125,2
736.8522,2
817.8786,2
838.3919,2
963.4264,2
1108.9741,2
715.3279,2
816.8676,2
897.894,2
918.4073,2
1043.4417,2
1188.9894,2
635.3125,2
736.8522,2
817.8786,2
838.3919,2
963.4264,2
1108.9741,2
635.3125,2
736.8522,2
817.8786,2
838.3919,2
963.4264,2
1108.9741,2
565.3176,2
666.8573,2
747.8837,2
768.397,2
893.4314,2
1038.9791,2
650.3505,2
751.8902,2
832.9166,2
853.4299,2
978.4643,2
1124.012,2
643.3682,2
744.9079,2
825.9343,2
846.4476,2
971.482,2
1117.0297,2
544.2667,2
645.8063,2
726.8327,2
747.346,2
872.3805,2
1017.9282,2
728.8567,2
830.3964,2
911.4228,2
931.9361,2
1056.9705,2
1202.5182,2
673.3539,2
774.8936,2
855.92,2
876.4333,2
1001.4677,2
1147.0154,2
681.3075,2
782.8471,2
863.8736,2
884.3868,2
1009.4213,2
1154.969,2
685.3424,2
786.8821,2
867.9085,2
888.4217,2
1013.4562,2
1159.0039,2
543.2952,2
644.8349,2
725.8613,2
746.3746,2
871.409,2
1016.9567,2
681.3075,2
782.8471,2
863.8736,2
884.3868,2
1009.4213,2
1154.969,2
564.279,2
665.8187,2
746.8451,2
767.3584,2
892.3928,2
1037.9406,2
630.8689,2
732.4086,2
813.435,2
833.9482,2
958.9827,2
1104.5304,2
577.7991,2
679.3388,2
760.3652,2
780.8784,2
905.9129,2
1051.4606,2
699.36,2
800.8997,2
881.9261,2
902.4394,2
1027.4738,2
1173.0215,2
708.9194,2
810.4591,2
891.4855,2
911.9988,2
1037.0332,2
1182.5809,2
601.7801,2
703.3198,2
784.3462,2
804.8595,2
929.8939,2
1075.4416,2
656.8845,2
758.4242,2
839.4506,2
859.9639,2
984.9983,2
1130.546,2
733.3787,2
834.9184,2
915.9448,2
936.4581,2
1061.4926,2
1207.0403,2
648.8524,2
750.3921,2
831.4185,2
851.9318,2
976.9662,2
1122.5139,2
737.4014,2
838.9411,2
919.9675,2
940.4808,2
1065.5152,2
1211.0629,2
733.3787,2
834.9184,2
915.9448,2
936.4581,2
1061.4926,2
1207.0403,2
828.4013,2
929.941,2
1010.9674,2
1031.4807,2
1156.5151,2
1302.0628,2
778.4455,2
879.9852,2
961.0116,2
981.5248,2
1106.5593,2
1252.107,2
808.3599,2
909.8996,2
990.926,2
1011.4393,2
1136.4737,2
1282.0214,2
783.9171,2
885.4568,2
966.4832,2
986.9965,2
1112.0309,2
1257.5786,2
808.3599,2
909.8996,2
990.926,2
1011.4393,2
1136.4737,2
1282.0214,2
807.8695,2
909.4091,2
990.4356,2
1010.9488,2
1135.9833,2
1281.531,2
751.927,2
853.4667,2
934.4931,2
955.0064,2
1080.0408,2
1225.5886,2
865.9825,2
967.5222,2
1048.5486,2
1069.0619,2
1194.0963,2
1339.6441,2
735.9115,2
837.4512,2
918.4776,2
938.9908,2
1064.0253,2
1209.573,2
854.4421,2
955.9818,2
1037.0082,2
1057.5214,2
1182.5559,2
1328.1036,2
915.9165,2
1017.4562,2
1098.4826,2
1118.9958,2
1244.0303,2
1389.578,2
795.9482,2
897.4879,2
978.5143,2
999.0276,2
1124.062,2
1269.6097,2
854.4421,2
955.9818,2
1037.0082,2
1057.5214,2
1182.5559,2
1328.1036,2
795.9482,2
897.4879,2
978.5143,2
999.0276,2
1124.062,2
1269.6097,2
869.4751,2
971.0148,2
1052.0412,2
1072.5545,2
1197.5889,2
1343.1366,2
821.4295,2
922.9692,2
1003.9956,2
1024.5089,2
1149.5433,2
1295.091,2
888.9435,2
990.4832,2
1071.5096,2
1092.0229,2
1217.0573,2
1362.605,2
898.919,2
1000.4587,2
1081.4851,2
1101.9983,2
1227.0328,2
1372.5805,2
898.919,2
1000.4587,2
1081.4851,2
1101.9983,2
1227.0328,2
1372.5805,2
962.9664,2
1064.5061,2
1145.5325,2
1166.0458,2
1291.0803,2
1436.628,2
756.8986,2
858.4382,2
939.4647,2
959.9779,2
1085.0124,2
1230.5601,2
962.9664,2
1064.5061,2
1145.5325,2
1166.0458,2
1291.0803,2
1436.628,2
958.5407,2
1060.0804,2
1141.1068,2
1161.6201,2
1286.6546,2
1432.2023,2
958.5407,2
1060.0804,2
1141.1068,2
1161.6201,2
1286.6546,2
1432.2023,2
943.4389,2
1044.9786,2
1126.005,2
1146.5182,2
1271.5527,2
1417.1004,2
885.9254,2
987.4651,2
1068.4915,2
1089.0048,2
1214.0392,2
1359.5869,2
952.991,2
1054.5307,2
1135.5571,2
1156.0703,2
1281.1048,2
1426.6525,2
943.4389,2
1044.9786,2
1126.005,2
1146.5182,2
1271.5527,2
1417.1004,2
1019.565,2
1121.1047,2
1202.1311,2
1222.6443,2
1347.6788,2
1493.2265,2
974.5268,2
1076.0665,2
1157.0929,2
1177.6062,2
1302.6406,2
1448.1883,2
996.5252,2
1098.0649,2
1179.0913,2
1199.6046,2
1324.639,2
1470.1867,2
1027.544,2
1129.0837,2
1210.1101,2
1230.6234,2
1355.6578,2
1501.2055,2
974.5268,2
1076.0665,2
1157.0929,2
1177.6062,2
1302.6406,2
1448.1883,2
1005.5311,2
1107.0708,2
1188.0972,2
1208.6105,2
1333.6449,2
1479.1926,2
1056.0547,2
1157.5944,2
1238.6208,2
1259.1341,2
1384.1686,2
1529.7163,2
950.0144,2
1051.5541,2
1132.5805,2
1153.0938,2
1278.1283,2
1423.676,2
1088.5823,2
1190.122,2
1271.1484,2
1291.6617,2
1416.6961,2
1562.2438,2
1049.0432,2
1150.5829,2
1231.6093,2
1252.1226,2
1377.157,2
1522.7047,2
974.5268,2
1076.0665,2
1157.0929,2
1177.6062,2
1302.6406,2
1448.1883,2
1082.606,2
1184.1457,2
1265.1721,2
1285.6853,2
1410.7198,2
1556.2675,2
1079.5283,2
1181.068,2
1262.0944,2
1282.6077,2
1407.6421,2
1553.1898,2
1088.5823,2
1190.122,2
1271.1484,2
1291.6617,2
1416.6961,2
1562.2438,2
1024.061,2
1125.6007,2
1206.6271,2
1227.1404,2
1352.1748,2
1497.7225,2
1097.9946,2
1199.5342,2
1280.5607,2
1301.0739,2
1426.1084,2
1571.6561,2
1024.061,2
1125.6007,2
1206.6271,2
1227.1404,2
1352.1748,2
1497.7225,2
1097.9946,2
1199.5342,2
1280.5607,2
1301.0739,2
1426.1084,2
1571.6561,2
1088.5823,2
1190.122,2
1271.1484,2
1291.6617,2
1416.6961,2
1562.2438,2
1031.5259,2
1133.0656,2
1214.092,2
1234.6053,2
1359.6397,2
1505.1874,2
1088.5823,2
1190.122,2
1271.1484,2
1291.6617,2
1416.6961,2
1562.2438,2
1062.5888,2
1164.1284,2
1245.1549,2
1265.6681,2
1390.7026,2
1536.2503,2
1088.5823,2
1190.122,2
1271.1484,2
1291.6617,2
1416.6961,2
1562.2438,2
994.0593,2
1095.599,2
1176.6254,2
1197.1387,2
1322.1731,2
1467.7208,2
1107.0696,2
1208.6093,2
1289.6357,2
1310.1489,2
1435.1834,2
1580.7311,2
1173.1045,2
1274.6442,2
1355.6706,2
1376.1839,2
1501.2183,2
1646.766,2
949.9672,2
1051.5069,2
1132.5333,2
1153.0466,2
1278.081,2
1423.6287,2
1171.117,2
1272.6567,2
1353.6831,2
1374.1964,2
1499.2309,2
1644.7786,2
1120.0601,2
1221.5998,2
1302.6262,2
1323.1395,2
1448.1739,2
1593.7216,2
1120.0601,2
1221.5998,2
1302.6262,2
1323.1395,2
1448.1739,2
1593.7216,2
1042.0096,2
1143.5493,2
1224.5757,2
1245.0889,2
1370.1234,2
1515.6711,2
1143.55,2
1245.0897,2
1326.1161,2
1346.6294,2
1471.6638,2
1617.2115,2
1108.039,2
1209.5787,2
1290.6051,2
1311.1184,2
1436.1528,2
1581.7005,2
1143.55,2
1245.0897,2
1326.1161,2
1346.6294,2
1471.6638,2
1617.2115,2
1124.5842,2
1226.1239,2
1307.1503,2
1327.6636,2
1452.698,2
1598.2457,2
1143.55,2
1245.0897,2
1326.1161,2
1346.6294,2
1471.6638,2
1617.2115,2
1182.0977,2
1283.6374,2
1364.6638,2
1385.177,2
1510.2115,2
1655.7592,2
1078.4858,2
1180.0255,2
1261.0519,2
1281.5651,2
1406.5996,2
1552.1473,2
1227.6591,2
1329.1988,2
1410.2252,2
1430.7384,2
1555.7729,2
1701.3206,2
998.4936,2
1100.0332,2
1181.0597,2
1201.5729,2
1326.6074,2
1472.1551,2
1227.6591,2
1329.1988,2
1410.2252,2
1430.7384,2
1555.7729,2
1701.3206,2
1184.5814,2
1286.1211,2
1367.1475,2
1387.6608,2
1512.6952,2
1658.2429,2
1184.5814,2
1286.1211,2
1367.1475,2
1387.6608,2
1512.6952,2
1658.2429,2
1042.0096,2
1143.5493,2
1224.5757,2
1245.0889,2
1370.1234,2
1515.6711,2
1199.6278,2
1301.1675,2
1382.1939,2
1402.7071,2
1527.7416,2
1673.2893,2
1147.0493,2
1248.589,2
1329.6154,2
1350.1287,2
1475.1631,2
1620.7108,2
1199.6278,2
1301.1675,2
1382.1939,2
1402.7071,2
1527.7416,2
1673.2893,2
1204.5628,2
1306.1025,2
1387.1289,2
1407.6422,2
1532.6766,2
1678.2243,2
1261.5843,2
1363.1239,2
1444.1503,2
1464.6636,2
1589.6981,2
1735.2458,2
1339.6497,2
1441.1894,2
1522.2158,2
1542.729,2
1667.7635,2
1813.3112,2
1364.1939,2
1465.7336,2
1546.76,2
1567.2733,2
1692.3077,2
1837.8554,2
1340.1919,2
1441.7316,2
1522.758,2
1543.2712,2
1668.3057,2
1813.8534,2
1262.1413,2
1363.681,2
1444.7074,2
1465.2207,2
1590.2551,2
1735.8028,2
1405.2733,2
1506.813,2
1587.8394,2
1608.3527,2
1733.3871,2
1878.9348,2
1483.7864,2
1585.3261,2
1666.3525,2
1686.8658,2
1811.9003,2
1957.448,2
154.109,3
221.8021,3
275.8197,3
289.4952,3
372.8515,3
469.8833,3
155.7201,3
223.4132,3
277.4308,3
291.1064,3
374.4627,3
471.4945,3
155.7201,3
223.4132,3
277.4308,3
291.1064,3
374.4627,3
471.4945,3
160.392,3
228.0851,3
282.1027,3
295.7782,3
379.1345,3
476.1663,3
166.0726,3
233.7657,3
287.7833,3
301.4588,3
384.8151,3
481.8469,3
170.7687,3
238.4619,3
292.4795,3
306.155,3
389.5113,3
486.5431,3
175.4201,3
243.1132,3
297.1308,3
310.8064,3
394.1626,3
491.1945,3
139.4215,3
207.1146,3
261.1322,3
274.8077,3
358.164,3
455.1958,3
149.4128,3
217.106,3
271.1236,3
284.7991,3
368.1554,3
465.1872,3
194.7637,3
262.4568,3
316.4744,3
330.1499,3
413.5062,3
510.538,3
167.7724,3
235.4655,3
289.4831,3
303.1586,3
386.5149,3
483.5467,3
208.1123,3
275.8054,3
329.823,3
343.4985,3
426.8548,3
523.8866,3
208.1123,3
275.8054,3
329.823,3
343.4985,3
426.8548,3
523.8866,3
216.0953,3
283.7884,3
337.806,3
351.4815,3
434.8378,3
531.8696,3
162.0969,3
229.79,3
283.8076,3
297.4831,3
380.8394,3
477.8712,3
225.4498,3
293.143,3
347.1606,3
360.8361,3
444.1924,3
541.2242,3
237.7779,3
305.471,3
359.4886,3
373.1641,3
456.5204,3
553.5522,3
248.813,3
316.5061,3
370.5237,3
384.1993,3
467.5555,3
564.5873,3
210.7866,3
278.4797,3
332.4973,3
346.1728,3
429.5291,3
526.5609,3
212.4467,3
280.1398,3
334.1574,3
347.8329,3
431.1892,3
528.221,3
258.7936,3
326.4867,3
380.5043,3
394.1799,3
477.5362,3
574.568,3
207.1208,3
274.8139,3
328.8315,3
342.507,3
425.8633,3
522.8951,3
220.1425,3
287.8356,3
341.8532,3
355.5287,3
438.885,3
535.9168,3
263.7922,3
331.4853,3
385.5029,3
399.1784,3
482.5347,3
579.5665,3
259.1545,3
326.8476,3
380.8652,3
394.5407,3
477.897,3
574.9288,3
267.8043,3
335.4974,3
389.515,3
403.1905,3
486.5468,3
583.5786,3
268.464,3
336.1572,3
390.1748,3
403.8503,3
487.2066,3
584.2384,3
280.4581,3
348.1513,3
402.1689,3
415.8444,3
499.2007,3
596.2325,3
280.4762,3
348.1693,3
402.1869,3
415.8624,3
499.2187,3
596.2505,3
280.4581,3
348.1513,3
402.1689,3
415.8444,3
499.2007,3
596.2325,3
220.778,3
288.4711,3
342.4887,3
356.1642,3
439.5205,3
536.5523,3
296.4883,3
364.1814,3
418.199,3
431.8745,3
515.2308,3
612.2626,3
301.4919,3
369.1851,3
423.2027,3
436.8782,3
520.2345,3
617.2663,3
301.8528,3
369.5459,3
423.5635,3
437.2391,3
520.5953,3
617.6272,3
301.8528,3
369.5459,3
423.5635,3
437.2391,3
520.5953,3
617.6272,3
307.8272,3
375.5203,3
429.5379,3
443.2135,3
526.5697,3
623.6015,3
312.8271,3
380.5202,3
434.5378,3
448.2133,3
531.5696,3
628.6014,3
278.824,3
346.5171,3
400.5347,3
414.2103,3
497.5666,3
594.5984,3
321.8078,3
389.5009,3
443.5185,3
457.1941,3
540.5503,3
637.5822,3
282.8335,3
350.5266,3
404.5443,3
418.2198,3
501.5761,3
598.6079,3
282.8335,3
350.5266,3
404.5443,3
418.2198,3
501.5761,3
598.6079,3
281.4739,3
349.167,3
403.1846,3
416.8601,3
500.2164,3
597.2482,3
281.4739,3
349.167,3
403.1846,3
416.8601,3
500.2164,3
597.2482,3
339.1866,3
406.8797,3
460.8974,3
474.5729,3
557.9292,3
654.961,3
339.5062,3
407.1994,3
461.217,3
474.8925,3
558.2488,3
655.2806,3
350.8414,3
418.5345,3
472.5521,3
486.2276,3
569.5839,3
666.6157,3
354.5377,3
422.2308,3
476.2484,3
489.9239,3
573.2802,3
670.312,3
312.8333,3
380.5264,3
434.544,3
448.2195,3
531.5758,3
628.6076,3
358.5097,3
426.2028,3
480.2204,3
493.8959,3
577.2522,3
674.284,3
312.8333,3
380.5264,3
434.544,3
448.2195,3
531.5758,3
628.6076,3
364.2094,3
431.9025,3
485.9202,3
499.5957,3
582.952,3
679.9838,3
325.5318,3
393.225,3
447.2426,3
460.9181,3
544.2744,3
641.3062,3
325.5318,3
393.225,3
447.2426,3
460.9181,3
544.2744,3
641.3062,3
321.8078,3
389.5009,3
443.5185,3
457.1941,3
540.5503,3
637.5822,3
333.5076,3
401.2007,3
455.2183,3
468.8938,3
552.2501,3
649.2819,3
377.8486,3
445.5417,3
499.5593,3
513.2348,3
596.5911,3
693.6229,3
356.5231,3
424.2163,3
478.2339,3
491.9094,3
575.2657,3
672.2975,3
381.1791,3
448.8723,3
502.8899,3
516.5654,3
599.9217,3
696.9535,3
376.5218,3
444.2149,3
498.2325,3
511.908,3
595.2643,3
692.2961,3
382.5204,3
450.2136,3
504.2312,3
517.9067,3
601.263,3
698.2948,3
381.1791,3
448.8723,3
502.8899,3
516.5654,3
599.9217,3
696.9535,3
344.8621,3
412.5553,3
466.5729,3
480.2484,3
563.6047,3
660.6365,3
439.226,3
506.9191,3
560.9368,3
574.6123,3
657.9686,3
755.0004,3
334.8624,3
402.5555,3
456.5731,3
470.2486,3
553.6049,3
650.6367,3
382.2032,3
449.8963,3
503.914,3
517.5895,3
600.9458,3
697.9776,3
457.5889,3
525.282,3
579.2996,3
592.9751,3
676.3314,3
773.3632,3
420.5455,3
488.2387,3
542.2563,3
555.9318,3
639.2881,3
736.3199,3
420.915,3
488.6081,3
542.6257,3
556.3013,3
639.6575,3
736.6894,3
384.1973,3
451.8904,3
505.908,3
519.5835,3
602.9398,3
699.9716,3
423.8775,3
491.5706,3
545.5882,3
559.2637,3
642.62,3
739.6518,3
477.221,3
544.9141,3
598.9318,3
612.6073,3
695.9636,3
792.9954,3
423.8775,3
491.5706,3
545.5882,3
559.2637,3
642.62,3
739.6518,3
423.8775,3
491.5706,3
545.5882,3
559.2637,3
642.62,3
739.6518,3
377.2142,3
444.9073,3
498.9249,3
512.6004,3
595.9567,3
692.9885,3
433.9028,3
501.5959,3
555.6135,3
569.289,3
652.6453,3
749.6771,3
429.2479,3
496.941,3
550.9586,3
564.6341,3
647.9904,3
745.0222,3
363.1802,3
430.8733,3
484.8909,3
498.5664,3
581.9227,3
678.9545,3
486.2402,3
553.9333,3
607.951,3
621.6265,3
704.9828,3
802.0146,3
449.2384,3
516.9315,3
570.9491,3
584.6246,3
667.9809,3
765.0127,3
454.5407,3
522.2339,3
576.2515,3
589.927,3
673.2833,3
770.3151,3
457.2307,3
524.9238,3
578.9414,3
592.6169,3
675.9732,3
773.005,3
362.5326,3
430.2257,3
484.2433,3
497.9188,3
581.2751,3
678.3069,3
454.5407,3
522.2339,3
576.2515,3
589.927,3
673.2833,3
770.3151,3
376.5218,3
444.2149,3
498.2325,3
511.908,3
595.2643,3
692.2961,3
420.915,3
488.6081,3
542.6257,3
556.3013,3
639.6575,3
736.6894,3
385.5351,3
453.2283,3
507.2459,3
520.9214,3
604.2777,3
701.3095,3
466.5758,3
534.2689,3
588.2865,3
601.962,3
685.3183,3
782.3501,3
472.9487,3
540.6418,3
594.6594,3
608.335,3
691.6912,3
788.7231,3
401.5225,3
469.2156,3
523.2332,3
536.9088,3
620.265,3
717.2969,3
438.2588,3
505.9519,3
559.9695,3
573.645,3
657.0013,3
754.0331,3
489.2549,3
556.948,3
610.9657,3
624.6412,3
707.9975,3
805.0293,3
432.904,3
500.5971,3
554.6147,3
568.2903,3
651.6466,3
748.6784,3
491.9367,3
559.6298,3
613.6474,3
627.3229,3
710.6792,3
807.711,3
489.2549,3
556.948,3
610.9657,3
624.6412,3
707.9975,3
805.0293,3
552.6033,3
620.2964,3
674.314,3
687.9895,3
771.3458,3
868.3776,3
519.2994,3
586.9925,3
641.0101,3
654.6857,3
738.0419,3
835.0738,3
539.2424,3
606.9355,3
660.9531,3
674.6286,3
757.9849,3
855.0167,3
522.9471,3
590.6403,3
644.6579,3
658.3334,3
741.6897,3
838.7215,3
539.2424,3
606.9355,3
660.9531,3
674.6286,3
757.9849,3
855.0167,3
538.9154,3
606.6085,3
660.6261,3
674.3016,3
757.6579,3
854.6897,3
501.6205,3
569.3136,3
623.3312,3
637.0067,3
720.363,3
817.3948,3
577.6575,3
645.3506,3
699.3682,3
713.0437,3
796.4,3
893.4318,3
490.9434,3
558.6365,3
612.6541,3
626.3297,3
709.6859,3
806.7177,3
569.9638,3
637.6569,3
691.6745,3
705.3501,3
788.7063,3
885.7382,3
610.9467,3
678.6399,3
732.6575,3
746.333,3
829.6893,3
926.7211,3
530.9679,3
598.661,3
652.6786,3
666.3541,3
749.7104,3
846.7422,3
569.9638,3
637.6569,3
691.6745,3
705.3501,3
788.7063,3
885.7382,3
530.9679,3
598.661,3
652.6786,3
666.3541,3
749.7104,3
846.7422,3
579.9858,3
647.6789,3
701.6966,3
715.3721,3
798.7284,3
895.7602,3
547.9554,3
615.6485,3
669.6661,3
683.3417,3
766.698,3
863.7298,3
592.9648,3
660.6579,3
714.6755,3
728.351,3
811.7073,3
908.7391,3
599.6151,3
667.3082,3
721.3258,3
735.0013,3
818.3576,3
915.3894,3
599.6151,3
667.3082,3
721.3258,3
735.0013,3
818.3576,3
915.3894,3
642.3134,3
710.0065,3
764.0241,3
777.6996,3
861.0559,3
958.0877,3
504.9348,3
572.6279,3
626.6455,3
640.321,3
723.6773,3
820.7091,3
642.3134,3
710.0065,3
764.0241,3
777.6996,3
861.0559,3
958.0877,3
639.3629,3
707.056,3
761.0737,3
774.7492,3
858.1055,3
955.1373,3
639.3629,3
707.056,3
761.0737,3
774.7492,3
858.1055,3
955.1373,3
629.295,3
696.9881,3
751.0057,3
764.6813,3
848.0375,3
945.0694,3
590.9527,3
658.6458,3
712.6634,3
726.3389,3
809.6952,3
906.727,3
635.6631,3
703.3562,3
757.3738,3
771.0493,3
854.4056,3
951.4374,3
629.295,3
696.9881,3
751.0057,3
764.6813,3
848.0375,3
945.0694,3
680.0457,3
747.7389,3
801.7565,3
815.432,3
898.7883,3
995.8201,3
650.0203,3
717.7134,3
771.731,3
785.4065,3
868.7628,3
965.7946,3
664.6859,3
732.379,3
786.3966,3
800.0721,3
883.4284,3
980.4602,3
685.3651,3
753.0582,3
807.0758,3
820.7514,3
904.1076,3
1001.1394,3
650.0203,3
717.7134,3
771.731,3
785.4065,3
868.7628,3
965.7946,3
670.6898,3
738.383,3
792.4006,3
806.0761,3
889.4324,3
986.4642,3
704.3723,3
772.0654,3
826.083,3
839.7585,3
923.1148,3
1020.1466,3
633.6787,3
701.3718,3
755.3895,3
769.065,3
852.4213,3
949.4531,3
726.0573,3
793.7504,3
847.768,3
861.4435,3
944.7998,3
1041.8316,3
699.6979,3
767.391,3
821.4086,3
835.0842,3
918.4405,3
1015.4723,3
650.0203,3
717.7134,3
771.731,3
785.4065,3
868.7628,3
965.7946,3
722.0731,3
789.7662,3
843.7838,3
857.4593,3
940.8156,3
1037.8474,3
720.0213,3
787.7144,3
841.732,3
855.4075,3
938.7638,3
1035.7956,3
726.0573,3
793.7504,3
847.768,3
861.4435,3
944.7998,3
1041.8316,3
683.0431,3
750.7362,3
804.7538,3
818.4293,3
901.7856,3
998.8174,3
732.3321,3
800.0253,3
854.0429,3
867.7184,3
951.0747,3
1048.1065,3
683.0431,3
750.7362,3
804.7538,3
818.4293,3
901.7856,3
998.8174,3
732.3321,3
800.0253,3
854.0429,3
867.7184,3
951.0747,3
1048.1065,3
726.0573,3
793.7504,3
847.768,3
861.4435,3
944.7998,3
1041.8316,3
688.0197,3
755.7128,3
809.7304,3
823.4059,3
906.7622,3
1003.794,3
726.0573,3
793.7504,3
847.768,3
861.4435,3
944.7998,3
1041.8316,3
708.7283,3
776.4214,3
830.439,3
844.1145,3
927.4708,3
1024.5026,3
726.0573,3
793.7504,3
847.768,3
861.4435,3
944.7998,3
1041.8316,3
663.042,3
730.7351,3
784.7527,3
798.4282,3
881.7845,3
978.8163,3
738.3821,3
806.0753,3
860.0929,3
873.7684,3
957.1247,3
1054.1565,3
782.4054,3
850.0986,3
904.1162,3
917.7917,3
1001.148,3
1098.1798,3
633.6472,3
701.3403,3
755.3579,3
769.0335,3
852.3898,3
949.4216,3
781.0805,3
848.7736,3
902.7912,3
916.4667,3
999.823,3
1096.8548,3
747.0425,3
814.7356,3
868.7532,3
882.4288,3
965.7851,3
1062.8169,3
747.0425,3
814.7356,3
868.7532,3
882.4288,3
965.7851,3
1062.8169,3
695.0088,3
762.7019,3
816.7195,3
830.3951,3
913.7513,3
1010.7832,3
762.7024,3
830.3956,3
884.4132,3
898.0887,3
981.445,3
1078.4768,3
739.0284,3
806.7216,3
860.7392,3
874.4147,3
957.771,3
1054.8028,3
762.7024,3
830.3956,3
884.4132,3
898.0887,3
981.445,3
1078.4768,3
750.0586,3
817.7517,3
871.7693,3
885.4448,3
968.8011,3
1065.8329,3
762.7024,3
830.3956,3
884.4132,3
898.0887,3
981.445,3
1078.4768,3
788.4009,3
856.094,3
910.1116,3
923.7871,3
1007.1434,3
1104.1752,3
719.3263,3
787.0194,3
841.037,3
854.7125,3
938.0688,3
1035.1006,3
818.7751,3
886.4683,3
940.4859,3
954.1614,3
1037.5177,3
1134.5495,3
665.9981,3
733.6913,3
787.7089,3
801.3844,3
884.7407,3
981.7725,3
818.7751,3
886.4683,3
940.4859,3
954.1614,3
1037.5177,3
1134.5495,3
790.0567,3
857.7498,3
911.7674,3
925.443,3
1008.7992,3
1105.8311,3
790.0567,3
857.7498,3
911.7674,3
925.443,3
1008.7992,3
1105.8311,3
695.0088,3
762.7019,3
816.7195,3
830.3951,3
913.7513,3
1010.7832,3
800.0876,3
867.7807,3
921.7983,3
935.4739,3
1018.8301,3
1115.862,3
765.0353,3
832.7284,3
886.746,3
900.4216,3
983.7778,3
1080.8096,3
800.0876,3
867.7807,3
921.7983,3
935.4739,3
1018.8301,3
1115.862,3
803.3776,3
871.0707,3
925.0883,3
938.7639,3
1022.1202,3
1119.152,3
841.3919,3
909.0851,3
963.1027,3
976.7782,3
1060.1345,3
1157.1663,3
893.4355,3
961.1287,3
1015.1463,3
1028.8218,3
1112.1781,3
1209.2099,3
909.7984,3
977.4915,3
1031.5091,3
1045.1846,3
1128.5409,3
1225.5727,3
893.797,3
961.4901,3
1015.5077,3
1029.1833,3
1112.5395,3
1209.5713,3
841.7633,3
909.4564,3
963.474,3
977.1495,3
1060.5058,3
1157.5376,3
937.1846,3
1004.8778,3
1058.8954,3
1072.5709,3
1155.9272,3
1252.959,3
989.5267,3
1057.2198,3
1111.2375,3
1124.913,3
1208.2693,3
1305.3011,3
115.8336,4
166.6034,4
207.1166,4
217.3732,4
279.8905,4
352.6643,4
117.0419,4
167.8117,4
208.325,4
218.5816,4
281.0988,4
353.8727,4
117.0419,4
167.8117,4
208.325,4
218.5816,4
281.0988,4
353.8727,4
120.5458,4
171.3157,4
211.8289,4
222.0855,4
284.6027,4
357.3766,4
124.8063,4
175.5761,4
216.0893,4
226.346,4
288.8632,4
361.637,4
128.3284,4
179.0982,4
219.6114,4
229.8681,4
292.3853,4
365.1591,4
131.8169,4
182.5867,4
223.1,4
233.3566,4
295.8738,4
368.6477,4
104.8179,4
155.5878,4
196.101,4
206.3576,4
268.8748,4
341.6487,4
112.3115,4
163.0813,4
203.5945,4
213.8511,4
276.3684,4
349.1422,4
146.3246,4
197.0944,4
237.6076,4
247.8642,4
310.3815,4
383.1553,4
126.0811,4
176.8509,4
217.3641,4
227.6208,4
290.138,4
362.9119,4
156.336,4
207.1059,4
247.6191,4
257.8757,4
320.3929,4
393.1668,4
156.336,4
207.1059,4
247.6191,4
257.8757,4
320.3929,4
393.1668,4
162.3233,4
213.0931,4
253.6063,4
263.863,4
326.3802,4
399.154,4
121.8245,4
172.5943,4
213.1075,4
223.3641,4
285.8814,4
358.6552,4
169.3392,4
220.109,4
260.6223,4
270.8789,4
333.3961,4
406.17,4
178.5852,4
229.3551,4
269.8683,4
280.1249,4
342.6421,4
415.416,4
186.8616,4
237.6314,4
278.1446,4
288.4013,4
350.9185,4
423.6923,4
158.3417,4
209.1116,4
249.6248,4
259.8814,4
322.3986,4
395.1725,4
159.5868,4
210.3567,4
250.8699,4
261.1265,4
323.6437,4
396.4176,4
194.347,4
245.1169,4
285.6301,4
295.8867,4
358.4039,4
431.1778,4
155.5924,4
206.3623,4
246.8755,4
257.1321,4
319.6493,4
392.4232,4
165.3587,4
216.1285,4
256.6417,4
266.8984,4
329.4156,4
402.1894,4
198.0959,4
248.8658,4
289.379,4
299.6356,4
362.1528,4
434.9267,4
194.6177,4
245.3875,4
285.9007,4
296.1574,4
358.6746,4
431.4484,4
201.105,4
251.8749,4
292.3881,4
302.6447,4
365.1619,4
437.9358,4
201.5999,4
252.3697,4
292.8829,4
303.1395,4
365.6568,4
438.4306,4
210.5954,4
261.3653,4
301.8785,4
312.1351,4
374.6523,4
447.4262,4
210.6089,4
261.3788,4
301.892,4
312.1486,4
374.6659,4
447.4397,4
210.5954,4
261.3653,4
301.8785,4
312.1351,4
374.6523,4
447.4262,4
165.8353,4
216.6051,4
257.1183,4
267.375,4
329.8922,4
402.6661,4
222.618,4
273.3879,4
313.9011,4
324.1577,4
386.6749,4
459.4488,4
226.3708,4
277.1406,4
317.6538,4
327.9105,4
390.4277,4
463.2015,4
226.6414,4
277.4113,4
317.9245,4
328.1811,4
390.6983,4
463.4722,4
226.6414,4
277.4113,4
317.9245,4
328.1811,4
390.6983,4
463.4722,4
231.1222,4
281.8921,4
322.4053,4
332.6619,4
395.1791,4
467.953,4
234.8721,4
285.642,4
326.1552,4
336.4118,4
398.929,4
471.7029,4
209.3698,4
260.1397,4
300.6529,4
310.9095,4
373.4267,4
446.2006,4
241.6077,4
292.3775,4
332.8907,4
343.1474,4
405.6646,4
478.4384,4
212.377,4
263.1468,4
303.66,4
313.9166,4
376.4339,4
449.2077,4
212.377,4
263.1468,4
303.66,4
313.9166,4
376.4339,4
449.2077,4
211.3572,4
262.1271,4
302.6403,4
312.8969,4
375.4141,4
448.188,4
211.3572,4
262.1271,4
302.6403,4
312.8969,4
375.4141,4
448.188,4
254.6418,4
305.4116,4
345.9248,4
356.1815,4
418.6987,4
491.4725,4
254.8815,4
305.6513,4
346.1645,4
356.4212,4
418.9384,4
491.7123,4
263.3829,4
314.1527,4
354.6659,4
364.9226,4
427.4398,4
500.2136,4
266.1551,4
316.9249,4
357.4381,4
367.6947,4
430.212,4
502.9858,4
234.8768,4
285.6466,4
326.1598,4
336.4165,4
398.9337,4
471.7076,4
269.1341,4
319.9039,4
360.4171,4
370.6737,4
433.191,4
505.9648,4
234.8768,4
285.6466,4
326.1598,4
336.4165,4
398.9337,4
471.7076,4
273.4089,4
324.1787,4
364.6919,4
374.9486,4
437.4658,4
510.2396,4
244.4007,4
295.1705,4
335.6838,4
345.9404,4
408.4576,4
481.2315,4
244.4007,4
295.1705,4
335.6838,4
345.9404,4
408.4576,4
481.2315,4
241.6077,4
292.3775,4
332.8907,4
343.1474,4
405.6646,4
478.4384,4
250.3825,4
301.1524,4
341.6656,4
351.9222,4
414.4394,4
487.2133,4
283.6382,4
334.4081,4
374.9213,4
385.1779,4
447.6951,4
520.469,4
267.6442,4
318.414,4
358.9272,4
369.1839,4
431.7011,4
504.4749,4
286.1362,4
336.906,4
377.4192,4
387.6759,4
450.1931,4
522.9669,4
282.6432,4
333.413,4
373.9262,4
384.1828,4
446.7001,4
519.4739,4
287.1421,4
337.912,4
378.4252,4
388.6818,4
451.199,4
523.9729,4
286.1362,4
336.906,4
377.4192,4
387.6759,4
450.1931,4
522.9669,4
258.8984,4
309.6683,4
350.1815,4
360.4381,4
422.9553,4
495.7292,4
329.6713,4
380.4412,4
420.9544,4
431.211,4
493.7282,4
566.5021,4
251.3986,4
302.1684,4
342.6816,4
352.9383,4
415.4555,4
488.2293,4
286.9042,4
337.6741,4
378.1873,4
388.4439,4
450.9611,4
523.735,4
343.4435,4
394.2133,4
434.7265,4
444.9831,4
507.5004,4
580.2742,4
315.661,4
366.4308,4
406.944,4
417.2007,4
479.7179,4
552.4917,4
315.9381,4
366.7079,4
407.2211,4
417.4778,4
479.995,4
552.7688,4
288.3998,4
339.1696,4
379.6828,4
389.9395,4
452.4567,4
525.2305,4
318.1599,4
368.9298,4
409.443,4
419.6996,4
482.2168,4
554.9907,4
358.1676,4
408.9374,4
449.4506,4
459.7073,4
522.2245,4
594.9983,4
318.1599,4
368.9298,4
409.443,4
419.6996,4
482.2168,4
554.9907,4
318.1599,4
368.9298,4
409.443,4
419.6996,4
482.2168,4
554.9907,4
283.1625,4
333.9323,4
374.4455,4
384.7021,4
447.2194,4
519.9932,4
325.6789,4
376.4487,4
416.9619,4
427.2186,4
489.7358,4
562.5097,4
322.1877,4
372.9576,4
413.4708,4
423.7274,4
486.2446,4
559.0185,4
272.637,4
323.4068,4
363.92,4
374.1767,4
436.6939,4
509.4677,4
364.932,4
415.7018,4
456.215,4
466.4717,4
528.9889,4
601.7627,4
337.1806,4
387.9504,4
428.4637,4
438.7203,4
501.2375,4
574.0114,4
341.1574,4
391.9272,4
432.4404,4
442.6971,4
505.2143,4
577.9881,4
343.1748,4
393.9447,4
434.4579,4
444.7145,4
507.2317,4
580.0056,4
272.1512,4
322.9211,4
363.4343,4
373.6909,4
436.2081,4
508.982,4
341.1574,4
391.9272,4
432.4404,4
442.6971,4
505.2143,4
577.9881,4
282.6432,4
333.413,4
373.9262,4
384.1828,4
446.7001,4
519.4739,4
315.9381,4
366.7079,4
407.2211,4
417.4778,4
479.995,4
552.7688,4
289.4032,4
340.173,4
380.6862,4
390.9429,4
453.4601,4
526.2339,4
350.1837,4
400.9535,4
441.4667,4
451.7233,4
514.2406,4
587.0144,4
354.9634,4
405.7332,4
446.2464,4
456.503,4
519.0203,4
591.7941,4
301.3937,4
352.1635,4
392.6767,4
402.9334,4
465.4506,4
538.2245,4
328.9459,4
379.7157,4
420.229,4
430.4856,4
493.0028,4
565.7767,4
367.193,4
417.9629,4
458.4761,4
468.7327,4
531.2499,4
604.0238,4
324.9298,4
375.6997,4
416.2129,4
426.4695,4
488.9867,4
561.7606,4
369.2043,4
419.9742,4
460.4874,4
470.744,4
533.2612,4
606.0351,4
367.193,4
417.9629,4
458.4761,4
468.7327,4
531.2499,4
604.0238,4
414.7043,4
465.4741,4
505.9873,4
516.244,4
578.7612,4
651.535,4
389.7264,4
440.4962,4
481.0094,4
491.2661,4
553.7833,4
626.5571,4
404.6836,4
455.4534,4
495.9666,4
506.2233,4
568.7405,4
641.5144,4
392.4622,4
443.232,4
483.7452,4
494.0019,4
556.5191,4
629.2929,4
404.6836,4
455.4534,4
495.9666,4
506.2233,4
568.7405,4
641.5144,4
404.4384,4
455.2082,4
495.7214,4
505.9781,4
568.4953,4
641.2691,4
376.4672,4
427.237,4
467.7502,4
478.0068,4
540.5241,4
613.2979,4
433.4949,4
484.2648,4
524.778,4
535.0346,4
597.5518,4
670.3257,4
368.4594,4
419.2292,4
459.7424,4
469.9991,4
532.5163,4
605.2901,4
427.7247,4
478.4945,4
519.0077,4
529.2644,4
591.7816,4
664.5554,4
458.4619,4
509.2317,4
549.7449,4
560.0016,4
622.5188,4
695.2926,4
398.4777,4
449.2476,4
489.7608,4
500.0174,4
562.5346,4
635.3085,4
427.7247,4
478.4945,4
519.0077,4
529.2644,4
591.7816,4
664.5554,4
398.4777,4
449.2476,4
489.7608,4
500.0174,4
562.5346,4
635.3085,4
435.2412,4
486.011,4
526.5242,4
536.7809,4
599.2981,4
672.0719,4
411.2184,4
461.9882,4
502.5014,4
512.7581,4
575.2753,4
648.0491,4
444.9754,4
495.7452,4
536.2584,4
546.5151,4
609.0323,4
681.8061,4
449.9631,4
500.733,4
541.2462,4
551.5028,4
614.02,4
686.7939,4
449.9631,4
500.733,4
541.2462,4
551.5028,4
614.02,4
686.7939,4
481.9869,4
532.7567,4
573.2699,4
583.5265,4
646.0438,4
718.8176,4
378.9529,4
429.7228,4
470.236,4
480.4926,4
543.0098,4
615.7837,4
481.9869,4
532.7567,4
573.2699,4
583.5265,4
646.0438,4
718.8176,4
479.774,4
530.5439,4
571.0571,4
581.3137,4
643.8309,4
716.6048,4
479.774,4
530.5439,4
571.0571,4
581.3137,4
643.8309,4
716.6048,4
472.2231,4
522.9929,4
563.5061,4
573.7628,4
636.28,4
709.0538,4
443.4663,4
494.2362,4
534.7494,4
545.006,4
607.5232,4
680.2971,4
476.9991,4
527.769,4
568.2822,4
578.5388,4
641.056,4
713.8299,4
472.2231,4
522.9929,4
563.5061,4
573.7628,4
636.28,4
709.0538,4
510.2861,4
561.056,4
601.5692,4
611.8258,4
674.343,4
747.1169,4
487.767,4
538.5369,4
579.0501,4
589.3067,4
651.8239,4
724.5978,4
498.7662,4
549.5361,4
590.0493,4
600.3059,4
662.8231,4
735.597,4
514.2756,4
565.0455,4
605.5587,4
615.8153,4
678.3326,4
751.1064,4
487.767,4
538.5369,4
579.0501,4
589.3067,4
651.8239,4
724.5978,4
503.2692,4
554.039,4
594.5523,4
604.8089,4
667.3261,4
740.1,4
528.531,4
579.3009,4
619.8141,4
630.0707,4
692.5879,4
765.3618,4
475.5109,4
526.2807,4
566.7939,4
577.0505,4
639.5678,4
712.3416,4
544.7948,4
595.5646,4
636.0778,4
646.3345,4
708.8517,4
781.6255,4
525.0253,4
575.7951,4
616.3083,4
626.5649,4
689.0822,4
761.856,4
487.767,4
538.5369,4
579.0501,4
589.3067,4
651.8239,4
724.5978,4
541.8066,4
592.5765,4
633.0897,4
643.3463,4
705.8635,4
778.6374,4
540.2678,4
591.0376,4
631.5508,4
641.8075,4
704.3247,4
777.0985,4
544.7948,4
595.5646,4
636.0778,4
646.3345,4
708.8517,4
781.6255,4
512.5341,4
563.304,4
603.8172,4
614.0738,4
676.591,4
749.3649,4
549.5009,4
600.2708,4
640.784,4
651.0406,4
713.5578,4
786.3317,4
512.5341,4
563.304,4
603.8172,4
614.0738,4
676.591,4
749.3649,4
549.5009,4
600.2708,4
640.784,4
651.0406,4
713.5578,4
786.3317,4
544.7948,4
595.5646,4
636.0778,4
646.3345,4
708.8517,4
781.6255,4
516.2666,4
567.0364,4
607.5496,4
617.8063,4
680.3235,4
753.0974,4
544.7948,4
595.5646,4
636.0778,4
646.3345,4
708.8517,4
781.6255,4
531.798,4
582.5679,4
623.0811,4
633.3377,4
695.8549,4
768.6288,4
544.7948,4
595.5646,4
636.0778,4
646.3345,4
708.8517,4
781.6255,4
497.5333,4
548.3031,4
588.8163,4
599.073,4
661.5902,4
734.364,4
554.0384,4
604.8083,4
645.3215,4
655.5781,4
718.0953,4
790.8692,4
587.0559,4
637.8257,4
678.3389,4
688.5956,4
751.1128,4
823.8867,4
475.4872,4
526.2571,4
566.7703,4
577.0269,4
639.5441,4
712.318,4
586.0622,4
636.832,4
677.3452,4
687.6018,4
750.1191,4
822.8929,4
560.5337,4
611.3035,4
651.8168,4
662.0734,4
724.5906,4
797.3645,4
560.5337,4
611.3035,4
651.8168,4
662.0734,4
724.5906,4
797.3645,4
521.5084,4
572.2783,4
612.7915,4
623.0481,4
685.5653,4
758.3392,4
572.2786,4
623.0485,4
663.5617,4
673.8183,4
736.3356,4
809.1094,4
554.5231,4
605.293,4
645.8062,4
656.0628,4
718.58,4
791.3539,4
572.2786,4
623.0485,4
663.5617,4
673.8183,4
736.3356,4
809.1094,4
562.7957,4
613.5656,4
654.0788,4
664.3354,4
726.8526,4
799.6265,4
572.2786,4
623.0485,4
663.5617,4
673.8183,4
736.3356,4
809.1094,4
591.5525,4
642.3223,4
682.8355,4
693.0922,4
755.6094,4
828.3832,4
539.7465,4
590.5164,4
631.0296,4
641.2862,4
703.8034,4
776.5773,4
614.3332,4
665.103,4
705.6162,4
715.8729,4
778.3901,4
851.1639,4
499.7504,4
550.5203,4
591.0335,4
601.2901,4
663.8073,4
736.5812,4
614.3332,4
665.103,4
705.6162,4
715.8729,4
778.3901,4
851.1639,4
592.7944,4
643.5642,4
684.0774,4
694.334,4
756.8513,4
829.6251,4
592.7944,4
643.5642,4
684.0774,4
694.334,4
756.8513,4
829.6251,4
521.5084,4
572.2783,4
612.7915,4
623.0481,4
685.5653,4
758.3392,4
600.3175,4
651.0874,4
691.6006,4
701.8572,4
764.3744,4
837.1483,4
574.0283,4
624.7981,4
665.3113,4
675.568,4
738.0852,4
810.8591,4
600.3175,4
651.0874,4
691.6006,4
701.8572,4
764.3744,4
837.1483,4
602.785,4
653.5549,4
694.0681,4
704.3247,4
766.8419,4
839.6158,4
631.2958,4
682.0656,4
722.5788,4
732.8355,4
795.3527,4
868.1265,4
670.3285,4
721.0983,4
761.6115,4
771.8682,4
834.3854,4
907.1592,4
682.6006,4
733.3704,4
773.8836,4
784.1403,4
846.6575,4
919.4313,4
670.5996,4
721.3694,4
761.8826,4
772.1393,4
834.6565,4
907.4303,4
631.5743,4
682.3441,4
722.8573,4
733.114,4
795.6312,4
868.4051,4
703.1403,4
753.9101,4
794.4233,4
804.68,4
867.1972,4
939.9711,4
742.3969,4
793.1667,4
833.6799,4
843.9365,4
906.4538,4
979.2276,4
92.8683,5
133.4842,5
165.8947,5
174.1,5
224.1138,5
282.3329,5
93.835,5
134.4509,5
166.8614,5
175.0667,5
225.0805,5
283.2996,5
93.835,5
134.4509,5
166.8614,5
175.0667,5
225.0805,5
283.2996,5
96.6381,5
137.254,5
169.6645,5
177.8699,5
227.8836,5
286.1027,5
100.0465,5
140.6623,5
173.0729,5
181.2782,5
231.292,5
289.5111,5
102.8642,5
143.48,5
175.8906,5
184.0959,5
234.1097,5
292.3288,5
105.655,5
146.2709,5
178.6814,5
186.8867,5
236.9005,5
295.1196,5
84.0558,5
124.6717,5
157.0822,5
165.2875,5
215.3013,5
273.5204,5
90.0506,5
130.6665,5
163.0771,5
171.2824,5
221.2961,5
279.5152,5
117.2611,5
157.877,5
190.2875,5
198.4929,5
248.5066,5
306.7257,5
101.0663,5
141.6822,5
174.0928,5
182.2981,5
232.3119,5
290.5309,5
125.2703,5
165.8862,5
198.2967,5
206.502,5
256.5158,5
314.7349,5
125.2703,5
165.8862,5
198.2967,5
206.502,5
256.5158,5
314.7349,5
130.0601,5
170.676,5
203.0865,5
211.2918,5
261.3056,5
319.5247,5
97.661,5
138.2769,5
170.6875,5
178.8928,5
228.9065,5
287.1256,5
135.6728,5
176.2887,5
208.6993,5
216.9046,5
266.9183,5
325.1374,5
143.0696,5
183.6855,5
216.0961,5
224.3014,5
274.3151,5
332.5342,5
149.6907,5
190.3066,5
222.7172,5
230.9225,5
280.9362,5
339.1553,5
126.8749,5
167.4907,5
199.9013,5
208.1066,5
258.1204,5
316.3395,5
127.8709,5
168.4868,5
200.8973,5
209.1027,5
259.1164,5
317.3355,5
155.6791,5
196.295,5
228.7055,5
236.9108,5
286.9246,5
345.1437,5
124.6754,5
165.2913,5
197.7018,5
205.9071,5
255.9209,5
314.14,5
132.4884,5
173.1043,5
205.5148,5
213.7201,5
263.7339,5
321.953,5
158.6782,5
199.2941,5
231.7046,5
239.91,5
289.9237,5
348.1428,5
155.8956,5
196.5115,5
228.922,5
237.1274,5
287.1411,5
345.3602,5
161.0855,5
201.7014,5
234.1119,5
242.3172,5
292.331,5
350.5501,5
161.4813,5
202.0972,5
234.5078,5
242.7131,5
292.7269,5
350.9459,5
168.6778,5
209.2937,5
241.7042,5
249.9095,5
299.9233,5
358.1424,5
168.6886,5
209.3045,5
241.7151,5
249.9204,5
299.9341,5
358.1532,5
168.6778,5
209.2937,5
241.7042,5
249.9095,5
299.9233,5
358.1424,5
132.8697,5
173.4856,5
205.8961,5
214.1014,5
264.1152,5
322.3343,5
178.2959,5
218.9118,5
251.3223,5
259.5276,5
309.5414,5
367.7605,5
181.2981,5
221.9139,5
254.3245,5
262.5298,5
312.5436,5
370.7627,5
181.5146,5
222.1305,5
254.541,5
262.7463,5
312.7601,5
370.9792,5
181.5146,5
222.1305,5
254.541,5
262.7463,5
312.7601,5
370.9792,5
185.0992,5
225.7151,5
258.1257,5
266.331,5
316.3448,5
374.5638,5
188.0992,5
228.715,5
261.1256,5
269.3309,5
319.3447,5
377.5638,5
167.6973,5
208.3132,5
240.7238,5
248.9291,5
298.9428,5
357.1619,5
193.4876,5
234.1035,5
266.514,5
274.7193,5
324.7331,5
382.9522,5
170.103,5
210.7189,5
243.1295,5
251.3348,5
301.3485,5
359.5676,5
170.103,5
210.7189,5
243.1295,5
251.3348,5
301.3485,5
359.5676,5
169.2872,5
209.9031,5
242.3137,5
250.519,5
300.5328,5
358.7518,5
169.2872,5
209.9031,5
242.3137,5
250.519,5
300.5328,5
358.7518,5
203.9149,5
244.5308,5
276.9413,5
285.1466,5
335.1604,5
393.3795,5
204.1067,5
244.7225,5
277.1331,5
285.3384,5
335.3522,5
393.5713,5
210.9078,5
251.5236,5
283.9342,5
292.1395,5
342.1533,5
400.3724,5
213.1255,5
253.7414,5
286.1519,5
294.3572,5
344.371,5
402.5901,5
188.1029,5
228.7188,5
261.1293,5
269.3346,5
319.3484,5
377.5675,5
215.5087,5
256.1246,5
288.5351,5
296.7404,5
346.7542,5
404.9733,5
188.1029,5
228.7188,5
261.1293,5
269.3346,5
319.3484,5
377.5675,5
218.9286,5
259.5444,5
291.955,5
300.1603,5
350.1741,5
408.3932,5
195.722,5
236.3379,5
268.7485,5
276.9538,5
326.9675,5
385.1866,5
195.722,5
236.3379,5
268.7485,5
276.9538,5
326.9675,5
385.1866,5
193.4876,5
234.1035,5
266.514,5
274.7193,5
324.7331,5
382.9522,5
200.5075,5
241.1233,5
273.5339,5
281.7392,5
331.753,5
389.9721,5
227.112,5
267.7279,5
300.1385,5
308.3438,5
358.3576,5
416.5766,5
214.3168,5
254.9327,5
287.3432,5
295.5485,5
345.5623,5
403.7814,5
229.1104,5
269.7263,5
302.1368,5
310.3421,5
360.3559,5
418.575,5
226.316,5
266.9319,5
299.3424,5
307.5477,5
357.5615,5
415.7806,5
229.9152,5
270.531,5
302.9416,5
311.1469,5
361.1607,5
419.3798,5
229.1104,5
269.7263,5
302.1368,5
310.3421,5
360.3559,5
418.575,5
207.3202,5
247.9361,5
280.3466,5
288.5519,5
338.5657,5
396.7848,5
263.9385,5
304.5544,5
336.965,5
345.1703,5
395.184,5
453.4031,5
201.3203,5
241.9362,5
274.3468,5
282.5521,5
332.5658,5
390.7849,5
229.7248,5
270.3407,5
302.7513,5
310.9566,5
360.9704,5
419.1895,5
274.9562,5
315.5721,5
347.9827,5
356.188,5
406.2017,5
464.4208,5
252.7302,5
293.3461,5
325.7567,5
333.962,5
383.9758,5
442.1948,5
252.9519,5
293.5678,5
325.9784,5
334.1837,5
384.1974,5
442.4165,5
230.9213,5
271.5372,5
303.9477,5
312.153,5
362.1668,5
420.3859,5
254.7294,5
295.3453,5
327.7558,5
335.9611,5
385.9749,5
444.194,5
286.7355,5
327.3514,5
359.762,5
367.9673,5
417.981,5
476.2001,5
254.7294,5
295.3453,5
327.7558,5
335.9611,5
385.9749,5
444.194,5
254.7294,5
295.3453,5
327.7558,5
335.9611,5
385.9749,5
444.194,5
226.7314,5
267.3473,5
299.7579,5
307.9632,5
357.9769,5
416.196,5
260.7446,5
301.3604,5
333.771,5
341.9763,5
391.9901,5
450.2092,5
257.9516,5
298.5675,5
330.9781,5
339.1834,5
389.1972,5
447.4162,5
218.311,5
258.9269,5
291.3375,5
299.5428,5
349.5565,5
407.7756,5
292.147,5
332.7629,5
365.1735,5
373.3788,5
423.3926,5
481.6116,5
269.9459,5
310.5618,5
342.9724,5
351.1777,5
401.1915,5
459.4105,5
273.1274,5
313.7432,5
346.1538,5
354.3591,5
404.3729,5
462.592,5
274.7413,5
315.3572,5
347.7678,5
355.9731,5
405.9868,5
464.2059,5
217.9225,5
258.5383,5
290.9489,5
299.1542,5
349.168,5
407.3871,5
273.1274,5
313.7432,5
346.1538,5
354.3591,5
404.3729,5
462.592,5
226.316,5
266.9319,5
299.3424,5
307.5477,5
357.5615,5
415.7806,5
252.9519,5
293.5678,5
325.9784,5
334.1837,5
384.1974,5
442.4165,5
231.724,5
272.3399,5
304.7504,5
312.9557,5
362.9695,5
421.1886,5
280.3484,5
320.9643,5
353.3748,5
361.5801,5
411.5939,5
469.813,5
284.1721,5
324.788,5
357.1986,5
365.4039,5
415.4177,5
473.6367,5
241.3164,5
281.9323,5
314.3429,5
322.5482,5
372.5619,5
430.781,5
263.3582,5
303.9741,5
336.3846,5
344.5899,5
394.6037,5
452.8228,5
293.9559,5
334.5717,5
366.9823,5
375.1876,5
425.2014,5
483.4205,5
260.1453,5
300.7612,5
333.1718,5
341.3771,5
391.3908,5
449.6099,5
295.5649,5
336.1808,5
368.5914,5
376.7967,5
426.8105,5
485.0295,5
293.9559,5
334.5717,5
366.9823,5
375.1876,5
425.2014,5
483.4205,5
331.9649,5
372.5808,5
404.9913,5
413.1966,5
463.2104,5
521.4295,5
311.9826,5
352.5984,5
385.009,5
393.2143,5
443.2281,5
501.4472,5
323.9483,5
364.5642,5
396.9748,5
405.1801,5
455.1939,5
513.4129,5
314.1712,5
354.7871,5
387.1976,5
395.4029,5
445.4167,5
503.6358,5
323.9483,5
364.5642,5
396.9748,5
405.1801,5
455.1939,5
513.4129,5
323.7521,5
364.368,5
396.7786,5
404.9839,5
454.9977,5
513.2168,5
301.3752,5
341.9911,5
374.4016,5
382.6069,5
432.6207,5
490.8398,5
346.9974,5
387.6133,5
420.0238,5
428.2291,5
478.2429,5
536.462,5
294.969,5
335.5848,5
367.9954,5
376.2007,5
426.2145,5
484.4336,5
342.3812,5
382.9971,5
415.4076,5
423.6129,5
473.6267,5
531.8458,5
366.971,5
407.5868,5
439.9974,5
448.2027,5
498.2165,5
556.4356,5
318.9836,5
359.5995,5
392.0101,5
400.2154,5
450.2292,5
508.4482,5
342.3812,5
382.9971,5
415.4076,5
423.6129,5
473.6267,5
531.8458,5
318.9836,5
359.5995,5
392.0101,5
400.2154,5
450.2292,5
508.4482,5
348.3944,5
389.0103,5
421.4208,5
429.6262,5
479.6399,5
537.859,5
329.1762,5
369.792,5
402.2026,5
410.4079,5
460.4217,5
518.6408,5
356.1818,5
396.7976,5
429.2082,5
437.4135,5
487.4273,5
545.6464,5
360.172,5
400.7878,5
433.1984,5
441.4037,5
491.4175,5
549.6366,5
360.172,5
400.7878,5
433.1984,5
441.4037,5
491.4175,5
549.6366,5
385.7909,5
426.4068,5
458.8174,5
467.0227,5
517.0365,5
575.2556,5
303.3638,5
343.9797,5
376.3902,5
384.5955,5
434.6093,5
492.8284,5
385.7909,5
426.4068,5
458.8174,5
467.0227,5
517.0365,5
575.2556,5
384.0207,5
424.6365,5
457.0471,5
465.2524,5
515.2662,5
573.4853,5
384.0207,5
424.6365,5
457.0471,5
465.2524,5
515.2662,5
573.4853,5
377.9799,5
418.5958,5
451.0064,5
459.2117,5
509.2254,5
567.4445,5
354.9745,5
395.5904,5
428.001,5
436.2063,5
486.2201,5
544.4391,5
381.8008,5
422.4166,5
454.8272,5
463.0325,5
513.0463,5
571.2654,5
377.9799,5
418.5958,5
451.0064,5
459.2117,5
509.2254,5
567.4445,5
408.4304,5
449.0462,5
481.4568,5
489.6621,5
539.6759,5
597.895,5
390.4151,5
431.031,5
463.4415,5
471.6468,5
521.6606,5
579.8797,5
399.2144,5
439.8303,5
472.2409,5
480.4462,5
530.46,5
588.679,5
411.622,5
452.2378,5
484.6484,5
492.8537,5
542.8675,5
601.0866,5
390.4151,5
431.031,5
463.4415,5
471.6468,5
521.6606,5
579.8797,5
402.8168,5
443.4327,5
475.8433,5
484.0486,5
534.0623,5
592.2814,5
423.0263,5
463.6421,5
496.0527,5
504.258,5
554.2718,5
612.4909,5
380.6101,5
421.226,5
453.6366,5
461.8419,5
511.8557,5
570.0748,5
436.0373,5
476.6532,5
509.0637,5
517.269,5
567.2828,5
625.5019,5
420.2217,5
460.8375,5
493.2481,5
501.4534,5
551.4672,5
609.6863,5
390.4151,5
431.031,5
463.4415,5
471.6468,5
521.6606,5
579.8797,5
433.6468,5
474.2626,5
506.6732,5
514.8785,5
564.8923,5
623.1114,5
432.4157,5
473.0316,5
505.4421,5
513.6474,5
563.6612,5
621.8803,5
436.0373,5
476.6532,5
509.0637,5
517.269,5
567.2828,5
625.5019,5
410.2288,5
450.8446,5
483.2552,5
491.4605,5
541.4743,5
599.6934,5
439.8022,5
480.4181,5
512.8286,5
521.0339,5
571.0477,5
629.2668,5
410.2288,5
450.8446,5
483.2552,5
491.4605,5
541.4743,5
599.6934,5
439.8022,5
480.4181,5
512.8286,5
521.0339,5
571.0477,5
629.2668,5
436.0373,5
476.6532,5
509.0637,5
517.269,5
567.2828,5
625.5019,5
413.2147,5
453.8306,5
486.2412,5
494.4465,5
544.4603,5
602.6793,5
436.0373,5
476.6532,5
509.0637,5
517.269,5
567.2828,5
625.5019,5
425.6399,5
466.2557,5
498.6663,5
506.8716,5
556.8854,5
615.1045,5
436.0373,5
476.6532,5
509.0637,5
517.269,5
567.2828,5
625.5019,5
398.2281,5
438.844,5
471.2545,5
479.4598,5
529.4736,5
587.6927,5
443.4322,5
484.0481,5
516.4586,5
524.6639,5
574.6777,5
632.8968,5
469.8462,5
510.462,5
542.8726,5
551.0779,5
601.0917,5
659.3108,5
380.5912,5
421.2071,5
453.6177,5
461.823,5
511.8368,5
570.0558,5
469.0512,5
509.6671,5
542.0776,5
550.2829,5
600.2967,5
658.5158,5
448.6284,5
489.2443,5
521.6549,5
529.8602,5
579.8739,5
638.093,5
448.6284,5
489.2443,5
521.6549,5
529.8602,5
579.8739,5
638.093,5
417.4082,5
458.0241,5
490.4346,5
498.6399,5
548.6537,5
606.8728,5
458.0244,5
498.6402,5
531.0508,5
539.2561,5
589.2699,5
647.489,5
443.82,5
484.4358,5
516.8464,5
525.0517,5
575.0655,5
633.2846,5
458.0244,5
498.6402,5
531.0508,5
539.2561,5
589.2699,5
647.489,5
450.438,5
491.0539,5
523.4645,5
531.6698,5
581.6836,5
639.9027,5
458.0244,5
498.6402,5
531.0508,5
539.2561,5
589.2699,5
647.489,5
473.4434,5
514.0593,5
546.4699,5
554.6752,5
604.689,5
662.908,5
431.9987,5
472.6146,5
505.0251,5
513.2304,5
563.2442,5
621.4633,5
491.668,5
532.2839,5
564.6944,5
572.8997,5
622.9135,5
681.1326,5
400.0018,5
440.6177,5
473.0282,5
481.2335,5
531.2473,5
589.4664,5
491.668,5
532.2839,5
564.6944,5
572.8997,5
622.9135,5
681.1326,5
474.4369,5
515.0528,5
547.4634,5
555.6687,5
605.6825,5
663.9015,5
474.4369,5
515.0528,5
547.4634,5
555.6687,5
605.6825,5
663.9015,5
417.4082,5
458.0241,5
490.4346,5
498.6399,5
548.6537,5
606.8728,5
480.4555,5
521.0714,5
553.4819,5
561.6872,5
611.701,5
669.9201,5
459.4241,5
500.04,5
532.4505,5
540.6558,5
590.6696,5
648.8887,5
480.4555,5
521.0714,5
553.4819,5
561.6872,5
611.701,5
669.9201,5
482.4295,5
523.0454,5
555.4559,5
563.6612,5
613.675,5
671.8941,5
505.2381,5
545.8539,5
578.2645,5
586.4698,5
636.4836,5
694.7027,5
536.4642,5
577.0801,5
609.4907,5
617.696,5
667.7098,5
725.9288,5
546.2819,5
586.8978,5
619.3084,5
627.5137,5
677.5274,5
735.7465,5
536.6811,5
577.297,5
609.7076,5
617.9129,5
667.9266,5
726.1457,5
505.4609,5
546.0768,5
578.4873,5
586.6926,5
636.7064,5
694.9255,5
562.7137,5
603.3296,5
635.7401,5
643.9454,5
693.9592,5
752.1783,5
594.1189,5
634.7348,5
667.1454,5
675.3507,5
725.3645,5
783.5836,5
